id;nom;description;vitamine;mineraux
1;platforms redundant;payment;Human;Total lime
2;service-desk strategize;Bedfordshire Representative;robust back-end;Games
3;Cross-group Codes specifically reserved for testing purposes;Associate;sensor Global;withdrawal 1080p
4;Berkshire Shirt;intuitive Toys Synergized;Cambridgeshire Jewelery;Christmas Island hacking disintermediate
5;Handcrafted Soft Fish reciprocal;SDD capacitor;Shoes artificial intelligence Officer;Direct Mountains Music
6;Checking Account visionary;Forward;withdrawal Accounts;Fish Engineer parsing
7;Response;groupware;Consultant orange Personal Loan Account;digital CSS
8;wireless;Home Loan Account Accountability Officer;Intranet Product;robust
9;Incredible harness;Human zero defect synergistic;front-end;Refined Wooden Salad Buckinghamshire
10;Fresh Awesome Car;Berkshire Handcrafted;experiences Unbranded RSS;SMS Meadow
